transaction_id,date,quarter,month,year,region,product,category,sales_amount,quantity,unit_price,profit_margin
TXN-000001,2022-01-02,Q1,January,2022,North,Tablet,Computing,4372.12,4,1093.03,0.28
TXN-000002,2022-01-02,Q1,January,2022,North,Tablet,Computing,52584.4,44,1195.1,0.32
TXN-000003,2022-01-02,Q1,January,2022,East,Mouse,Accessories,884.48,16,55.28,0.28
TXN-000004,2022-01-02,Q1,January,2022,West,Mouse,Accessories,312.9,6,52.15,0.45
TXN-000005,2022-01-02,Q1,January,2022,West,Phone,Electronics,5100.25,5,1020.05,0.28
TXN-000006,2022-01-02,Q1,January,2022,West,Laptop,Computing,59421.44,26,2285.44,0.38
TXN-000007,2022-01-06,Q1,January,2022,North,Tablet,Computing,21505.23,23,935.01,0.42
TXN-000008,2022-01-06,Q1,January,2022,North,Phone,Electronics,38985.21,33,1181.37,0.44
TXN-000009,2022-01-06,Q1,January,2022,North,Laptop,Computing,62647.2,24,2610.3,0.35
TXN-000010,2022-01-06,Q1,January,2022,East,Desktop,Computing,72499.32,36,2013.87,0.22
TXN-000011,2022-01-06,Q1,January,2022,West,Tablet,Computing,39004.8,40,975.12,0.33
TXN-000012,2022-01-06,Q1,January,2022,West,Phone,Electronics,15017.4,12,1251.45,0.19
TXN-000013,2022-01-06,Q1,January,2022,West,Mouse,Accessories,400.1,10,40.01,0.4
TXN-000014,2022-01-06,Q1,January,2022,Central,Monitor,Electronics,17676.46,38,465.17,0.22
TXN-000015,2022-01-07,Q1,January,2022,East,Desktop,Computing,78680.16,39,2017.44,0.4
TXN-000016,2022-01-07,Q1,January,2022,West,Headphones,Accessories,2903.04,21,138.24,0.36
TXN-000017,2022-01-07,Q1,January,2022,West,Monitor,Electronics,8946.4,20,447.32,0.25
TXN-000018,2022-01-07,Q1,January,2022,Central,Tablet,Computing,15402.0,15,1026.8,0.41
TXN-000019,2022-01-09,Q1,January,2022,North,Keyboard,Accessories,2804.78,38,73.81,0.36
TXN-000020,2022-01-09,Q1,January,2022,East,Desktop,Computing,8602.28,4,2150.57,0.36
TXN-000021,2022-01-09,Q1,January,2022,West,Tablet,Computing,32564.73,33,986.81,0.41
TXN-000022,2022-01-12,Q1,January,2022,North,Headphones,Accessories,349.4,2,174.7,0.19
TXN-000023,2022-01-12,Q1,January,2022,South,Headphones,Accessories,5414.2,44,123.05,0.31
TXN-000024,2022-01-12,Q1,January,2022,South,Headphones,Accessories,5838.48,36,162.18,0.4
TXN-000025,2022-01-12,Q1,January,2022,East,Monitor,Electronics,4726.7,11,429.7,0.32
TXN-000026,2022-01-12,Q1,January,2022,West,Keyboard,Accessories,2685.87,33,81.39,0.32
TXN-000027,2022-01-13,Q1,January,2022,North,Monitor,Electronics,15469.5,30,515.65,0.28
TXN-000028,2022-01-13,Q1,January,2022,North,Monitor,Electronics,21173.63,43,492.41,0.18
TXN-000029,2022-01-13,Q1,January,2022,East,Desktop,Computing,86214.03,49,1759.47,0.41
TXN-000030,2022-01-16,Q1,January,2022,North,Monitor,Electronics,25078.95,45,557.31,0.34
TXN-000031,2022-01-16,Q1,January,2022,North,Headphones,Accessories,173.49,1,173.49,0.32
TXN-000032,2022-01-16,Q1,January,2022,North,Tablet,Computing,49124.53,37,1327.69,0.4
TXN-000033,2022-01-16,Q1,January,2022,South,Desktop,Computing,66139.72,46,1437.82,0.16
TXN-000034,2022-01-16,Q1,January,2022,South,Monitor,Electronics,18251.28,36,506.98,0.34
TXN-000035,2022-01-16,Q1,January,2022,East,Monitor,Electronics,8588.95,19,452.05,0.39
TXN-000036,2022-01-16,Q1,January,2022,West,Headphones,Accessories,1396.7,10,139.67,0.29
TXN-000037,2022-01-16,Q1,January,2022,Central,Monitor,Electronics,18162.0,36,504.5,0.28
TXN-000038,2022-01-17,Q1,January,2022,North,Laptop,Computing,76287.6,30,2542.92,0.16
TXN-000039,2022-01-17,Q1,January,2022,South,Laptop,Computing,5836.62,3,1945.54,0.27
TXN-000040,2022-01-17,Q1,January,2022,South,Mouse,Accessories,1808.0,32,56.5,0.23
TXN-000041,2022-01-17,Q1,January,2022,South,Phone,Electronics,12895.65,15,859.71,0.2
TXN-000042,2022-01-17,Q1,January,2022,East,Laptop,Computing,85441.05,45,1898.69,0.36
TXN-000043,2022-01-17,Q1,January,2022,East,Monitor,Electronics,19306.14,42,459.67,0.32
TXN-000044,2022-01-17,Q1,January,2022,East,Keyboard,Accessories,1824.68,22,82.94,0.25
TXN-000045,2022-01-17,Q1,January,2022,Central,Monitor,Electronics,22241.32,43,517.24,0.35
TXN-000046,2022-01-23,Q1,January,2022,North,Laptop,Computing,14441.21,7,2063.03,0.32
TXN-000047,2022-01-23,Q1,January,2022,North,Mouse,Accessories,66.92,1,66.92,0.26
TXN-000048,2022-01-23,Q1,January,2022,North,Headphones,Accessories,823.12,4,205.78,0.2
TXN-000049,2022-01-23,Q1,January,2022,South,Headphones,Accessories,3656.64,26,140.64,0.45
TXN-000050,2022-01-23,Q1,January,2022,South,Phone,Electronics,39087.72,42,930.66,0.17
TXN-000051,2022-01-23,Q1,January,2022,East,Keyboard,Accessories,3105.56,34,91.34,0.33
TXN-000052,2022-01-23,Q1,January,2022,West,Headphones,Accessories,4882.15,35,139.49,0.38
TXN-000053,2022-01-23,Q1,January,2022,Central,Keyboard,Accessories,1138.28,13,87.56,0.19
TXN-000054,2022-01-23,Q1,January,2022,Central,Keyboard,Accessories,3464.26,46,75.31,0.41
TXN-000055,2022-01-23,Q1,January,2022,Central,Monitor,Electronics,5038.08,12,419.84,0.31
TXN-000056,2022-01-27,Q1,January,2022,North,Keyboard,Accessories,2656.08,28,94.86,0.43
TXN-000057,2022-01-27,Q1,January,2022,West,Headphones,Accessories,3595.71,29,123.99,0.25
TXN-000058,2022-01-28,Q1,January,2022,North,Monitor,Electronics,4767.6,10,476.76,0.26
TXN-000059,2022-01-28,Q1,January,2022,North,Mouse,Accessories,655.9,14,46.85,0.33
TXN-000060,2022-01-28,Q1,January,2022,North,Laptop,Computing,27339.9,10,2733.99,0.34
TXN-000061,2022-01-28,Q1,January,2022,East,Keyboard,Accessories,2201.92,28,78.64,0.33
TXN-000062,2022-01-28,Q1,January,2022,East,Tablet,Computing,38108.4,30,1270.28,0.2
TXN-000063,2022-01-28,Q1,January,2022,East,Tablet,Computing,6652.1,7,950.3,0.23
TXN-000064,2022-02-06,Q1,February,2022,North,Phone,Electronics,19943.52,16,1246.47,0.29
TXN-000065,2022-02-06,Q1,February,2022,North,Phone,Electronics,29671.98,26,1141.23,0.27
TXN-000066,2022-02-06,Q1,February,2022,West,Tablet,Computing,47341.35,45,1052.03,0.23
TXN-000067,2022-02-06,Q1,February,2022,West,Phone,Electronics,14179.48,14,1012.82,0.33
TXN-000068,2022-02-06,Q1,February,2022,West,Desktop,Computing,8338.45,5,1667.69,0.39
TXN-000069,2022-02-08,Q1,February,2022,North,Mouse,Accessories,1378.52,22,62.66,0.45
TXN-000070,2022-02-08,Q1,February,2022,North,Keyboard,Accessories,1524.56,17,89.68,0.19
TXN-000071,2022-02-08,Q1,February,2022,North,Keyboard,Accessories,2844.93,37,76.89,0.16
TXN-000072,2022-02-08,Q1,February,2022,South,Laptop,Computing,22541.64,11,2049.24,0.24
TXN-000073,2022-02-08,Q1,February,2022,South,Laptop,Computing,86987.55,39,2230.45,0.4
TXN-000074,2022-02-08,Q1,February,2022,East,Laptop,Computing,67116.3,30,2237.21,0.18
TXN-000075,2022-02-08,Q1,February,2022,East,Headphones,Accessories,2848.52,17,167.56,0.29
TXN-000076,2022-02-08,Q1,February,2022,West,Mouse,Accessories,40.0,1,40.0,0.39
TXN-000077,2022-02-08,Q1,February,2022,West,Laptop,Computing,33239.0,20,1661.95,0.42
TXN-000078,2022-02-08,Q1,February,2022,West,Keyboard,Accessories,1280.6,20,64.03,0.37
TXN-000079,2022-02-08,Q1,February,2022,Central,Tablet,Computing,43996.4,40,1099.91,0.44
TXN-000080,2022-02-10,Q1,February,2022,North,Desktop,Computing,83787.75,45,1861.95,0.16
TXN-000081,2022-02-10,Q1,February,2022,North,Tablet,Computing,14983.32,12,1248.61,0.3
TXN-000082,2022-02-10,Q1,February,2022,South,Monitor,Electronics,26006.26,49,530.74,0.16
TXN-000083,2022-02-10,Q1,February,2022,South,Phone,Electronics,12698.4,11,1154.4,0.45
TXN-000084,2022-02-10,Q1,February,2022,West,Phone,Electronics,39940.74,42,950.97,0.25
TXN-000085,2022-02-10,Q1,February,2022,West,Desktop,Computing,62907.76,46,1367.56,0.33
TXN-000086,2022-02-10,Q1,February,2022,Central,Laptop,Computing,63618.21,27,2356.23,0.19
TXN-000087,2022-02-12,Q1,February,2022,North,Monitor,Electronics,3023.25,5,604.65,0.16
TXN-000088,2022-02-12,Q1,February,2022,North,Mouse,Accessories,251.25,5,50.25,0.16
TXN-000089,2022-02-12,Q1,February,2022,North,Headphones,Accessories,1384.95,7,197.85,0.42
TXN-000090,2022-02-12,Q1,February,2022,East,Desktop,Computing,43384.22,22,1972.01,0.21
TXN-000091,2022-02-12,Q1,February,2022,East,Monitor,Electronics,24557.4,42,584.7,0.27
TXN-000092,2022-02-12,Q1,February,2022,East,Phone,Electronics,30860.48,23,1341.76,0.33
TXN-000093,2022-02-12,Q1,February,2022,West,Desktop,Computing,50871.14,34,1496.21,0.33
TXN-000094,2022-02-12,Q1,February,2022,West,Tablet,Computing,13230.23,13,1017.71,0.37
TXN-000095,2022-02-12,Q1,February,2022,Central,Phone,Electronics,23459.87,19,1234.73,0.29
TXN-000096,2022-02-12,Q1,February,2022,Central,Desktop,Computing,3032.42,2,1516.21,0.24
TXN-000097,2022-02-14,Q1,February,2022,North,Desktop,Computing,42134.56,26,1620.56,0.19
TXN-000098,2022-02-14,Q1,February,2022,North,Monitor,Electronics,14419.89,27,534.07,0.32
TXN-000099,2022-02-14,Q1,February,2022,North,Laptop,Computing,33362.7,14,2383.05,0.23
TXN-000100,2022-02-14,Q1,February,2022,East,Mouse,Accessories,2830.69,43,65.83,0.33
TXN-000101,2022-02-14,Q1,February,2022,East,Phone,Electronics,28546.32,24,1189.43,0.17
TXN-000102,2022-02-14,Q1,February,2022,West,Laptop,Computing,48783.23,23,2121.01,0.17
TXN-000103,2022-02-14,Q1,February,2022,West,Mouse,Accessories,54.22,1,54.22,0.41
TXN-000104,2022-02-15,Q1,February,2022,South,Tablet,Computing,28255.85,35,807.31,0.19
TXN-000105,2022-02-15,Q1,February,2022,East,Headphones,Accessories,2304.96,14,164.64,0.34
TXN-000106,2022-02-18,Q1,February,2022,North,Laptop,Computing,56507.92,28,2018.14,0.31
TXN-000107,2022-02-18,Q1,February,2022,North,Monitor,Electronics,26172.42,47,556.86,0.29
TXN-000108,2022-02-18,Q1,February,2022,South,Keyboard,Accessories,1070.4,15,71.36,0.33
TXN-000109,2022-02-18,Q1,February,2022,South,Keyboard,Accessories,605.52,9,67.28,0.34
TXN-000110,2022-02-18,Q1,February,2022,East,Tablet,Computing,36442.8,36,1012.3,0.41
TXN-000111,2022-02-18,Q1,February,2022,West,Monitor,Electronics,4407.4,10,440.74,0.35
TXN-000112,2022-02-18,Q1,February,2022,West,Monitor,Electronics,2673.79,7,381.97,0.4
TXN-000113,2022-02-18,Q1,February,2022,West,Phone,Electronics,15131.68,16,945.73,0.23
TXN-000114,2022-02-18,Q1,February,2022,Central,Mouse,Accessories,1991.0,44,45.25,0.22
TXN-000115,2022-02-18,Q1,February,2022,Central,Mouse,Accessories,862.26,14,61.59,0.19
TXN-000116,2022-02-18,Q1,February,2022,Central,Tablet,Computing,45130.34,41,1100.74,0.32
TXN-000117,2022-02-22,Q1,February,2022,South,Monitor,Electronics,19602.57,39,502.63,0.43
TXN-000118,2022-02-22,Q1,February,2022,South,Monitor,Electronics,20514.76,41,500.36,0.15
TXN-000119,2022-02-22,Q1,February,2022,East,Laptop,Computing,67619.7,30,2253.99,0.4
TXN-000120,2022-02-22,Q1,February,2022,West,Desktop,Computing,34621.0,25,1384.84,0.24
TXN-000121,2022-02-22,Q1,February,2022,West,Headphones,Accessories,6267.6,40,156.69,0.33
TXN-000122,2022-02-22,Q1,February,2022,West,Mouse,Accessories,514.36,11,46.76,0.39
TXN-000123,2022-02-26,Q1,February,2022,North,Keyboard,Accessories,1650.7,17,97.1,0.22
TXN-000124,2022-02-26,Q1,February,2022,North,Monitor,Electronics,2523.7,5,504.74,0.44
TXN-000125,2022-02-26,Q1,February,2022,North,Keyboard,Accessories,1608.15,15,107.21,0.45
TXN-000126,2022-02-26,Q1,February,2022,South,Tablet,Computing,37305.72,36,1036.27,0.36
TXN-000127,2022-02-26,Q1,February,2022,South,Phone,Electronics,14442.6,12,1203.55,0.34
TXN-000128,2022-02-26,Q1,February,2022,South,Laptop,Computing,95479.57,41,2328.77,0.33
TXN-000129,2022-02-26,Q1,February,2022,Central,Monitor,Electronics,2094.04,4,523.51,0.18
TXN-000130,2022-02-27,Q1,February,2022,North,Laptop,Computing,45384.0,20,2269.2,0.26
TXN-000131,2022-02-27,Q1,February,2022,South,Laptop,Computing,28759.25,13,2212.25,0.23
TXN-000132,2022-02-27,Q1,February,2022,South,Mouse,Accessories,1794.24,42,42.72,0.41
TXN-000133,2022-02-27,Q1,February,2022,West,Tablet,Computing,30695.2,34,902.8,0.25
TXN-000134,2022-02-27,Q1,February,2022,West,Monitor,Electronics,15713.66,41,383.26,0.18
TXN-000135,2022-02-27,Q1,February,2022,West,Desktop,Computing,74729.76,46,1624.56,0.3
TXN-000136,2022-02-27,Q1,February,2022,Central,Laptop,Computing,4541.6,2,2270.8,0.4
TXN-000137,2022-02-27,Q1,February,2022,Central,Headphones,Accessories,2097.84,12,174.82,0.19
TXN-000138,2022-02-27,Q1,February,2022,Central,Mouse,Accessories,2645.1,45,58.78,0.44
TXN-000139,2022-02-28,Q1,February,2022,North,Laptop,Computing,98182.33,43,2283.31,0.41
TXN-000140,2022-02-28,Q1,February,2022,North,Monitor,Electronics,20830.49,43,484.43,0.23
TXN-000141,2022-02-28,Q1,February,2022,South,Mouse,Accessories,1307.55,23,56.85,0.33
TXN-000142,2022-02-28,Q1,February,2022,East,Tablet,Computing,49303.41,39,1264.19,0.44
TXN-000143,2022-02-28,Q1,February,2022,East,Monitor,Electronics,15861.3,30,528.71,0.24
TXN-000144,2022-02-28,Q1,February,2022,West,Tablet,Computing,41256.16,44,937.64,0.25
TXN-000145,2022-03-02,Q1,March,2022,North,Laptop,Computing,61888.12,28,2210.29,0.28
TXN-000146,2022-03-02,Q1,March,2022,East,Headphones,Accessories,7949.25,45,176.65,0.32
TXN-000147,2022-03-02,Q1,March,2022,Central,Headphones,Accessories,5370.56,32,167.83,0.44
TXN-000148,2022-03-02,Q1,March,2022,Central,Laptop,Computing,58733.99,29,2025.31,0.36
TXN-000149,2022-03-03,Q1,March,2022,North,Tablet,Computing,14181.6,12,1181.8,0.15
TXN-000150,2022-03-03,Q1,March,2022,North,Phone,Electronics,4633.68,4,1158.42,0.37
TXN-000151,2022-03-03,Q1,March,2022,East,Mouse,Accessories,849.83,17,49.99,0.25
TXN-000152,2022-03-03,Q1,March,2022,East,Desktop,Computing,16818.56,8,2102.32,0.35
TXN-000153,2022-03-03,Q1,March,2022,West,Monitor,Electronics,1320.9,3,440.3,0.4
TXN-000154,2022-03-03,Q1,March,2022,Central,Mouse,Accessories,2583.36,46,56.16,0.2
TXN-000155,2022-03-03,Q1,March,2022,Central,Mouse,Accessories,808.86,17,47.58,0.31
TXN-000156,2022-03-12,Q1,March,2022,North,Phone,Electronics,48513.5,50,970.27,0.18
TXN-000157,2022-03-12,Q1,March,2022,North,Phone,Electronics,17483.05,13,1344.85,0.2
TXN-000158,2022-03-12,Q1,March,2022,East,Desktop,Computing,47089.04,29,1623.76,0.44
TXN-000159,2022-03-12,Q1,March,2022,East,Desktop,Computing,75538.32,44,1716.78,0.42
TXN-000160,2022-03-12,Q1,March,2022,East,Monitor,Electronics,22285.14,41,543.54,0.21
TXN-000161,2022-03-12,Q1,March,2022,West,Headphones,Accessories,5599.65,35,159.99,0.22
TXN-000162,2022-03-12,Q1,March,2022,West,Laptop,Computing,32963.25,15,2197.55,0.27
TXN-000163,2022-03-12,Q1,March,2022,West,Tablet,Computing,21923.28,24,913.47,0.4
TXN-000164,2022-03-12,Q1,March,2022,Central,Headphones,Accessories,3666.08,22,166.64,0.18
TXN-000165,2022-03-13,Q1,March,2022,North,Monitor,Electronics,2562.18,6,427.03,0.3
TXN-000166,2022-03-13,Q1,March,2022,North,Mouse,Accessories,1423.8,30,47.46,0.43
TXN-000167,2022-03-13,Q1,March,2022,South,Laptop,Computing,8379.7,5,1675.94,0.19
TXN-000168,2022-03-13,Q1,March,2022,South,Keyboard,Accessories,625.45,7,89.35,0.42
TXN-000169,2022-03-13,Q1,March,2022,South,Mouse,Accessories,2600.43,49,53.07,0.17
TXN-000170,2022-03-13,Q1,March,2022,East,Desktop,Computing,54353.26,26,2090.51,0.26
TXN-000171,2022-03-13,Q1,March,2022,East,Desktop,Computing,5841.36,3,1947.12,0.32
TXN-000172,2022-03-13,Q1,March,2022,West,Desktop,Computing,18211.08,12,1517.59,0.25
TXN-000173,2022-03-13,Q1,March,2022,West,Mouse,Accessories,1195.26,22,54.33,0.39
TXN-000174,2022-03-16,Q1,March,2022,North,Monitor,Electronics,8744.75,19,460.25,0.27
TXN-000175,2022-03-16,Q1,March,2022,North,Phone,Electronics,2393.38,2,1196.69,0.17
TXN-000176,2022-03-16,Q1,March,2022,North,Mouse,Accessories,1075.14,22,48.87,0.41
TXN-000177,2022-03-16,Q1,March,2022,South,Mouse,Accessories,578.48,14,41.32,0.32
TXN-000178,2022-03-16,Q1,March,2022,East,Mouse,Accessories,1764.51,33,53.47,0.35
TXN-000179,2022-03-16,Q1,March,2022,East,Monitor,Electronics,6363.5,11,578.5,0.18
TXN-000180,2022-03-16,Q1,March,2022,East,Phone,Electronics,47365.92,42,1127.76,0.39
TXN-000181,2022-03-16,Q1,March,2022,Central,Keyboard,Accessories,2297.5,25,91.9,0.38
TXN-000182,2022-03-16,Q1,March,2022,Central,Tablet,Computing,16490.48,19,867.92,0.34
TXN-000183,2022-03-26,Q1,March,2022,West,Phone,Electronics,4449.24,4,1112.31,0.24
TXN-000184,2022-03-26,Q1,March,2022,West,Phone,Electronics,44123.6,40,1103.09,0.4
TXN-000185,2022-03-29,Q1,March,2022,South,Desktop,Computing,11273.08,7,1610.44,0.19
TXN-000186,2022-03-29,Q1,March,2022,South,Mouse,Accessories,2324.62,47,49.46,0.17
TXN-000187,2022-03-29,Q1,March,2022,West,Tablet,Computing,55021.12,49,1122.88,0.22
TXN-000188,2022-03-29,Q1,March,2022,Central,Desktop,Computing,58573.58,38,1541.41,0.32
TXN-000189,2022-03-31,Q1,March,2022,South,Monitor,Electronics,3835.6,8,479.45,0.37
TXN-000190,2022-03-31,Q1,March,2022,South,Laptop,Computing,29243.36,16,1827.71,0.35
TXN-000191,2022-03-31,Q1,March,2022,South,Laptop,Computing,56573.4,26,2175.9,0.23
TXN-000192,2022-03-31,Q1,March,2022,East,Mouse,Accessories,593.34,11,53.94,0.44
TXN-000193,2022-03-31,Q1,March,2022,East,Monitor,Electronics,15829.65,29,545.85,0.2
TXN-000194,2022-03-31,Q1,March,2022,Central,Laptop,Computing,88535.16,49,1806.84,0.2
TXN-000195,2022-03-31,Q1,March,2022,Central,Headphones,Accessories,9032.64,48,188.18,0.3
TXN-000196,2022-03-31,Q1,March,2022,Central,Keyboard,Accessories,250.29,3,83.43,0.45
TXN-000197,2022-04-02,Q2,April,2022,North,Laptop,Computing,21453.5,10,2145.35,0.28
TXN-000198,2022-04-02,Q2,April,2022,South,Tablet,Computing,29782.71,29,1026.99,0.35
TXN-000199,2022-04-02,Q2,April,2022,East,Desktop,Computing,80972.5,50,1619.45,0.36
TXN-000200,2022-04-02,Q2,April,2022,West,Tablet,Computing,26242.54,23,1140.98,0.21
TXN-000201,2022-04-02,Q2,April,2022,West,Headphones,Accessories,1517.78,11,137.98,0.16
TXN-000202,2022-04-02,Q2,April,2022,Central,Mouse,Accessories,729.82,14,52.13,0.16
TXN-000203,2022-04-02,Q2,April,2022,Central,Desktop,Computing,93875.45,47,1997.35,0.19
TXN-000204,2022-04-02,Q2,April,2022,Central,Headphones,Accessories,2708.2,20,135.41,0.21
TXN-000205,2022-04-07,Q2,April,2022,South,Mouse,Accessories,571.56,12,47.63,0.32
TXN-000206,2022-04-07,Q2,April,2022,East,Mouse,Accessories,2087.4,42,49.7,0.19
TXN-000207,2022-04-07,Q2,April,2022,East,Desktop,Computing,76163.15,49,1554.35,0.41
TXN-000208,2022-04-07,Q2,April,2022,East,Desktop,Computing,65645.1,30,2188.17,0.28
TXN-000209,2022-04-07,Q2,April,2022,West,Headphones,Accessories,1098.54,9,122.06,0.39
TXN-000210,2022-04-07,Q2,April,2022,West,Monitor,Electronics,13836.52,37,373.96,0.28
TXN-000211,2022-04-07,Q2,April,2022,West,Monitor,Electronics,8804.41,19,463.39,0.36
TXN-000212,2022-04-07,Q2,April,2022,Central,Keyboard,Accessories,4262.85,45,94.73,0.33
TXN-000213,2022-04-10,Q2,April,2022,North,Monitor,Electronics,6862.38,14,490.17,0.19
TXN-000214,2022-04-10,Q2,April,2022,North,Phone,Electronics,34526.8,28,1233.1,0.35
TXN-000215,2022-04-10,Q2,April,2022,North,Monitor,Electronics,5411.9,13,416.3,0.41
TXN-000216,2022-04-10,Q2,April,2022,South,Laptop,Computing,65450.55,33,1983.35,0.31
TXN-000217,2022-04-10,Q2,April,2022,South,Tablet,Computing,17261.25,15,1150.75,0.37
TXN-000218,2022-04-10,Q2,April,2022,East,Mouse,Accessories,697.06,13,53.62,0.38
TXN-000219,2022-04-10,Q2,April,2022,East,Keyboard,Accessories,2016.85,19,106.15,0.18
TXN-000220,2022-04-10,Q2,April,2022,West,Monitor,Electronics,13807.53,33,418.41,0.35
TXN-000221,2022-04-10,Q2,April,2022,West,Headphones,Accessories,971.76,6,161.96,0.21
TXN-000222,2022-04-10,Q2,April,2022,West,Headphones,Accessories,745.2,6,124.2,0.35
TXN-000223,2022-04-10,Q2,April,2022,Central,Laptop,Computing,9874.64,4,2468.66,0.35
TXN-000224,2022-04-10,Q2,April,2022,Central,Tablet,Computing,46798.5,50,935.97,0.39
TXN-000225,2022-04-10,Q2,April,2022,Central,Tablet,Computing,50898.0,50,1017.96,0.15
TXN-000226,2022-04-13,Q2,April,2022,North,Desktop,Computing,36922.25,25,1476.89,0.33
TXN-000227,2022-04-13,Q2,April,2022,North,Mouse,Accessories,1709.76,26,65.76,0.39
TXN-000228,2022-04-13,Q2,April,2022,East,Desktop,Computing,52426.5,35,1497.9,0.37
TXN-000229,2022-04-13,Q2,April,2022,West,Laptop,Computing,32540.58,18,1807.81,0.26
TXN-000230,2022-04-13,Q2,April,2022,West,Tablet,Computing,17075.0,20,853.75,0.19
TXN-000231,2022-04-13,Q2,April,2022,West,Desktop,Computing,1719.93,1,1719.93,0.22
TXN-000232,2022-04-16,Q2,April,2022,North,Laptop,Computing,47811.12,21,2276.72,0.34
TXN-000233,2022-04-16,Q2,April,2022,North,Phone,Electronics,45919.59,41,1119.99,0.41
TXN-000234,2022-04-16,Q2,April,2022,North,Keyboard,Accessories,3182.08,32,99.44,0.37
TXN-000235,2022-04-16,Q2,April,2022,South,Headphones,Accessories,2120.7,15,141.38,0.25
TXN-000236,2022-04-16,Q2,April,2022,South,Mouse,Accessories,1685.48,29,58.12,0.26
TXN-000237,2022-04-16,Q2,April,2022,East,Monitor,Electronics,9637.4,20,481.87,0.33
TXN-000238,2022-04-16,Q2,April,2022,East,Desktop,Computing,27485.64,14,1963.26,0.23
TXN-000239,2022-04-16,Q2,April,2022,East,Laptop,Computing,133630.35,49,2727.15,0.16
TXN-000240,2022-04-16,Q2,April,2022,West,Keyboard,Accessories,3181.64,44,72.31,0.33
TXN-000241,2022-04-16,Q2,April,2022,West,Monitor,Electronics,12061.5,33,365.5,0.18
TXN-000242,2022-04-16,Q2,April,2022,West,Phone,Electronics,43978.0,50,879.56,0.34
TXN-000243,2022-04-24,Q2,April,2022,North,Laptop,Computing,12290.04,6,2048.34,0.31
TXN-000244,2022-04-24,Q2,April,2022,North,Tablet,Computing,50487.56,38,1328.62,0.16
TXN-000245,2022-04-24,Q2,April,2022,South,Phone,Electronics,14300.4,17,841.2,0.45
TXN-000246,2022-04-24,Q2,April,2022,East,Phone,Electronics,7314.24,6,1219.04,0.26
TXN-000247,2022-04-24,Q2,April,2022,West,Mouse,Accessories,2323.44,42,55.32,0.28
TXN-000248,2022-04-24,Q2,April,2022,West,Mouse,Accessories,1318.98,26,50.73,0.18
TXN-000249,2022-04-24,Q2,April,2022,West,Keyboard,Accessories,320.08,4,80.02,0.22
TXN-000250,2022-04-24,Q2,April,2022,Central,Desktop,Computing,63110.08,44,1434.32,0.27
TXN-000251,2022-04-25,Q2,April,2022,North,Keyboard,Accessories,924.39,9,102.71,0.42
TXN-000252,2022-04-25,Q2,April,2022,North,Phone,Electronics,7344.72,6,1224.12,0.23
TXN-000253,2022-04-25,Q2,April,2022,East,Mouse,Accessories,2191.7,35,62.62,0.17
TXN-000254,2022-04-25,Q2,April,2022,East,Keyboard,Accessories,2612.5,25,104.5,0.22
TXN-000255,2022-04-25,Q2,April,2022,East,Phone,Electronics,23891.12,22,1085.96,0.36
TXN-000256,2022-04-25,Q2,April,2022,Central,Monitor,Electronics,1256.76,3,418.92,0.28
TXN-000257,2022-04-25,Q2,April,2022,Central,Headphones,Accessories,4466.5,25,178.66,0.28
TXN-000258,2022-04-26,Q2,April,2022,North,Phone,Electronics,56121.2,40,1403.03,0.28
TXN-000259,2022-04-26,Q2,April,2022,North,Phone,Electronics,30356.97,21,1445.57,0.33
TXN-000260,2022-04-26,Q2,April,2022,South,Headphones,Accessories,2905.0,20,145.25,0.33
TXN-000261,2022-04-26,Q2,April,2022,South,Keyboard,Accessories,1054.46,11,95.86,0.44
TXN-000262,2022-04-26,Q2,April,2022,East,Mouse,Accessories,747.89,11,67.99,0.38
TXN-000263,2022-04-26,Q2,April,2022,East,Laptop,Computing,31521.0,12,2626.75,0.28
TXN-000264,2022-04-26,Q2,April,2022,Central,Desktop,Computing,40037.76,28,1429.92,0.2
TXN-000265,2022-04-26,Q2,April,2022,Central,Keyboard,Accessories,3021.24,34,88.86,0.16
TXN-000266,2022-04-26,Q2,April,2022,Central,Phone,Electronics,42175.56,46,916.86,0.4
TXN-000267,2022-04-27,Q2,April,2022,North,Desktop,Computing,66643.64,38,1753.78,0.28
TXN-000268,2022-04-27,Q2,April,2022,South,Desktop,Computing,50240.96,32,1570.03,0.21
TXN-000269,2022-04-27,Q2,April,2022,East,Monitor,Electronics,22086.29,41,538.69,0.16
TXN-000270,2022-04-27,Q2,April,2022,West,Laptop,Computing,81309.64,34,2391.46,0.17
TXN-000271,2022-04-27,Q2,April,2022,West,Phone,Electronics,27512.6,23,1196.2,0.34
TXN-000272,2022-04-27,Q2,April,2022,Central,Mouse,Accessories,231.65,5,46.33,0.33
TXN-000273,2022-04-27,Q2,April,2022,Central,Laptop,Computing,78501.2,40,1962.53,0.19
TXN-000274,2022-04-27,Q2,April,2022,Central,Tablet,Computing,2457.04,2,1228.52,0.29
TXN-000275,2022-05-05,Q2,May,2022,North,Monitor,Electronics,3983.6,8,497.95,0.38
TXN-000276,2022-05-05,Q2,May,2022,North,Tablet,Computing,10080.63,9,1120.07,0.39
TXN-000277,2022-05-05,Q2,May,2022,North,Headphones,Accessories,5851.89,33,177.33,0.42
TXN-000278,2022-05-05,Q2,May,2022,South,Tablet,Computing,32655.96,36,907.11,0.17
TXN-000279,2022-05-05,Q2,May,2022,South,Laptop,Computing,44265.4,20,2213.27,0.21
TXN-000280,2022-05-05,Q2,May,2022,South,Monitor,Electronics,8528.39,17,501.67,0.31
TXN-000281,2022-05-05,Q2,May,2022,East,Phone,Electronics,12240.12,12,1020.01,0.23
TXN-000282,2022-05-05,Q2,May,2022,East,Laptop,Computing,6574.59,3,2191.53,0.33
TXN-000283,2022-05-05,Q2,May,2022,East,Phone,Electronics,38704.38,33,1172.86,0.18
TXN-000284,2022-05-05,Q2,May,2022,Central,Phone,Electronics,20581.9,17,1210.7,0.41
TXN-000285,2022-05-05,Q2,May,2022,Central,Mouse,Accessories,278.05,5,55.61,0.33
TXN-000286,2022-05-05,Q2,May,2022,Central,Desktop,Computing,74005.36,44,1681.94,0.45
TXN-000287,2022-05-07,Q2,May,2022,East,Mouse,Accessories,2494.43,43,58.01,0.26
TXN-000288,2022-05-07,Q2,May,2022,Central,Keyboard,Accessories,920.01,13,70.77,0.19
TXN-000289,2022-05-07,Q2,May,2022,Central,Tablet,Computing,11441.43,11,1040.13,0.33
TXN-000290,2022-05-07,Q2,May,2022,Central,Phone,Electronics,46825.92,48,975.54,0.33
TXN-000291,2022-05-08,Q2,May,2022,North,Laptop,Computing,61787.52,24,2574.48,0.19
TXN-000292,2022-05-08,Q2,May,2022,North,Phone,Electronics,46398.29,43,1079.03,0.18
TXN-000293,2022-05-08,Q2,May,2022,North,Desktop,Computing,32045.7,15,2136.38,0.31
TXN-000294,2022-05-08,Q2,May,2022,East,Phone,Electronics,10858.59,9,1206.51,0.19
TXN-000295,2022-05-08,Q2,May,2022,East,Mouse,Accessories,2885.96,44,65.59,0.19
TXN-000296,2022-05-08,Q2,May,2022,East,Desktop,Computing,19197.64,11,1745.24,0.2
TXN-000297,2022-05-08,Q2,May,2022,Central,Headphones,Accessories,4644.74,34,136.61,0.37
TXN-000298,2022-05-15,Q2,May,2022,North,Monitor,Electronics,21061.44,48,438.78,0.18
TXN-000299,2022-05-15,Q2,May,2022,North,Monitor,Electronics,14051.34,27,520.42,0.27
TXN-000300,2022-05-15,Q2,May,2022,North,Mouse,Accessories,1019.66,17,59.98,0.32
TXN-000301,2022-05-15,Q2,May,2022,West,Monitor,Electronics,10773.4,22,489.7,0.27
TXN-000302,2022-05-15,Q2,May,2022,Central,Tablet,Computing,8735.5,10,873.55,0.38
TXN-000303,2022-05-15,Q2,May,2022,Central,Phone,Electronics,28748.7,30,958.29,0.4
TXN-000304,2022-05-15,Q2,May,2022,Central,Mouse,Accessories,190.04,4,47.51,0.15
TXN-000305,2022-05-19,Q2,May,2022,North,Tablet,Computing,16474.32,12,1372.86,0.43
TXN-000306,2022-05-19,Q2,May,2022,East,Laptop,Computing,94832.18,41,2312.98,0.2
TXN-000307,2022-05-19,Q2,May,2022,West,Monitor,Electronics,9104.04,19,479.16,0.25
TXN-000308,2022-05-19,Q2,May,2022,West,Mouse,Accessories,57.98,1,57.98,0.38
TXN-000309,2022-05-19,Q2,May,2022,Central,Headphones,Accessories,6785.8,37,183.4,0.38
TXN-000310,2022-05-19,Q2,May,2022,Central,Keyboard,Accessories,622.8,8,77.85,0.35
TXN-000311,2022-05-19,Q2,May,2022,Central,Tablet,Computing,23869.4,23,1037.8,0.29
TXN-000312,2022-05-20,Q2,May,2022,South,Laptop,Computing,76018.74,47,1617.42,0.36
TXN-000313,2022-05-20,Q2,May,2022,South,Monitor,Electronics,10891.14,26,418.89,0.16
TXN-000314,2022-05-20,Q2,May,2022,East,Laptop,Computing,20427.6,8,2553.45,0.34
TXN-000315,2022-05-20,Q2,May,2022,East,Tablet,Computing,15717.1,14,1122.65,0.31
TXN-000316,2022-05-31,Q2,May,2022,North,Headphones,Accessories,1553.49,9,172.61,0.22
TXN-000317,2022-05-31,Q2,May,2022,South,Tablet,Computing,11216.1,14,801.15,0.23
TXN-000318,2022-05-31,Q2,May,2022,South,Keyboard,Accessories,1856.66,26,71.41,0.26
TXN-000319,2022-05-31,Q2,May,2022,West,Desktop,Computing,27970.74,18,1553.93,0.41
TXN-000320,2022-05-31,Q2,May,2022,West,Laptop,Computing,57646.89,27,2135.07,0.41
TXN-000321,2022-05-31,Q2,May,2022,West,Tablet,Computing,45374.8,40,1134.37,0.16
TXN-000322,2022-06-04,Q2,June,2022,North,Desktop,Computing,31891.83,17,1875.99,0.32
TXN-000323,2022-06-04,Q2,June,2022,South,Phone,Electronics,39881.32,34,1172.98,0.2
TXN-000324,2022-06-04,Q2,June,2022,South,Phone,Electronics,5669.3,5,1133.86,0.32
TXN-000325,2022-06-04,Q2,June,2022,East,Mouse,Accessories,1276.83,27,47.29,0.26
TXN-000326,2022-06-04,Q2,June,2022,East,Monitor,Electronics,1038.04,2,519.02,0.27
TXN-000327,2022-06-04,Q2,June,2022,East,Tablet,Computing,58805.39,49,1200.11,0.43
TXN-000328,2022-06-04,Q2,June,2022,West,Monitor,Electronics,452.73,1,452.73,0.26
TXN-000329,2022-06-04,Q2,June,2022,West,Laptop,Computing,39298.08,19,2068.32,0.26
TXN-000330,2022-06-04,Q2,June,2022,Central,Mouse,Accessories,698.88,13,53.76,0.35
TXN-000331,2022-06-04,Q2,June,2022,Central,Mouse,Accessories,2036.25,45,45.25,0.32
TXN-000332,2022-06-07,Q2,June,2022,North,Tablet,Computing,41588.8,44,945.2,0.2
TXN-000333,2022-06-07,Q2,June,2022,North,Mouse,Accessories,1458.43,23,63.41,0.32
TXN-000334,2022-06-07,Q2,June,2022,North,Headphones,Accessories,9502.08,48,197.96,0.26
TXN-000335,2022-06-07,Q2,June,2022,South,Phone,Electronics,29428.35,35,840.81,0.17
TXN-000336,2022-06-07,Q2,June,2022,South,Desktop,Computing,52538.15,37,1419.95,0.2
TXN-000337,2022-06-07,Q2,June,2022,East,Phone,Electronics,14176.63,13,1090.51,0.17
TXN-000338,2022-06-07,Q2,June,2022,Central,Tablet,Computing,22252.8,19,1171.2,0.19
TXN-000339,2022-06-07,Q2,June,2022,Central,Phone,Electronics,46142.26,38,1214.27,0.36
TXN-000340,2022-06-07,Q2,June,2022,Central,Laptop,Computing,13977.54,6,2329.59,0.34
TXN-000341,2022-06-08,Q2,June,2022,North,Desktop,Computing,36856.68,21,1755.08,0.42
TXN-000342,2022-06-08,Q2,June,2022,North,Monitor,Electronics,7758.3,15,517.22,0.36
TXN-000343,2022-06-08,Q2,June,2022,North,Phone,Electronics,13679.1,10,1367.91,0.44
TXN-000344,2022-06-08,Q2,June,2022,South,Desktop,Computing,84135.17,47,1790.11,0.43
TXN-000345,2022-06-08,Q2,June,2022,East,Tablet,Computing,12236.8,10,1223.68,0.33
TXN-000346,2022-06-08,Q2,June,2022,East,Mouse,Accessories,2598.4,40,64.96,0.39
TXN-000347,2022-06-08,Q2,June,2022,East,Tablet,Computing,5466.8,4,1366.7,0.36
TXN-000348,2022-06-08,Q2,June,2022,West,Tablet,Computing,10385.4,12,865.45,0.39
TXN-000349,2022-06-08,Q2,June,2022,West,Monitor,Electronics,10586.18,22,481.19,0.16
TXN-000350,2022-06-08,Q2,June,2022,Central,Keyboard,Accessories,1653.57,19,87.03,0.22
TXN-000351,2022-06-08,Q2,June,2022,Central,Keyboard,Accessories,1292.85,13,99.45,0.33
TXN-000352,2022-06-08,Q2,June,2022,Central,Tablet,Computing,53129.12,44,1207.48,0.17
TXN-000353,2022-06-09,Q2,June,2022,South,Monitor,Electronics,14093.4,30,469.78,0.22
TXN-000354,2022-06-09,Q2,June,2022,South,Tablet,Computing,38433.15,45,854.07,0.37
TXN-000355,2022-06-09,Q2,June,2022,East,Monitor,Electronics,6829.8,15,455.32,0.2
TXN-000356,2022-06-09,Q2,June,2022,West,Monitor,Electronics,3862.62,9,429.18,0.42
TXN-000357,2022-06-09,Q2,June,2022,West,Phone,Electronics,14474.65,17,851.45,0.17
TXN-000358,2022-06-09,Q2,June,2022,West,Mouse,Accessories,1955.46,39,50.14,0.19
TXN-000359,2022-06-11,Q2,June,2022,East,Keyboard,Accessories,5223.36,48,108.82,0.22
TXN-000360,2022-06-11,Q2,June,2022,East,Tablet,Computing,28294.56,24,1178.94,0.4
TXN-000361,2022-06-11,Q2,June,2022,West,Keyboard,Accessories,3926.7,45,87.26,0.35
TXN-000362,2022-06-11,Q2,June,2022,West,Headphones,Accessories,4740.12,38,124.74,0.27
TXN-000363,2022-06-11,Q2,June,2022,West,Laptop,Computing,76350.2,41,1862.2,0.27
TXN-000364,2022-06-11,Q2,June,2022,Central,Tablet,Computing,16234.35,15,1082.29,0.23
TXN-000365,2022-06-11,Q2,June,2022,Central,Monitor,Electronics,16289.88,31,525.48,0.16
TXN-000366,2022-06-12,Q2,June,2022,North,Headphones,Accessories,5167.75,35,147.65,0.38
TXN-000367,2022-06-12,Q2,June,2022,East,Laptop,Computing,60175.08,28,2149.11,0.29
TXN-000368,2022-06-12,Q2,June,2022,West,Mouse,Accessories,1335.68,32,41.74,0.33
TXN-000369,2022-06-12,Q2,June,2022,Central,Tablet,Computing,54525.73,49,1112.77,0.3
TXN-000370,2022-06-12,Q2,June,2022,Central,Tablet,Computing,20619.6,20,1030.98,0.37
TXN-000371,2022-06-15,Q2,June,2022,North,Mouse,Accessories,2774.38,49,56.62,0.26
TXN-000372,2022-06-15,Q2,June,2022,North,Laptop,Computing,67295.58,33,2039.26,0.32
TXN-000373,2022-06-15,Q2,June,2022,South,Headphones,Accessories,5375.6,40,134.39,0.21
TXN-000374,2022-06-15,Q2,June,2022,South,Headphones,Accessories,4101.72,28,146.49,0.2
TXN-000375,2022-06-15,Q2,June,2022,South,Mouse,Accessories,1017.84,24,42.41,0.3
TXN-000376,2022-06-15,Q2,June,2022,East,Phone,Electronics,34626.56,32,1082.08,0.33
TXN-000377,2022-06-15,Q2,June,2022,East,Keyboard,Accessories,4452.78,47,94.74,0.36
TXN-000378,2022-06-15,Q2,June,2022,East,Phone,Electronics,37853.41,29,1305.29,0.23
TXN-000379,2022-06-15,Q2,June,2022,Central,Keyboard,Accessories,1895.52,24,78.98,0.38
TXN-000380,2022-06-18,Q2,June,2022,North,Tablet,Computing,3644.37,3,1214.79,0.34
TXN-000381,2022-06-18,Q2,June,2022,North,Desktop,Computing,25688.87,17,1511.11,0.24
TXN-000382,2022-06-18,Q2,June,2022,South,Phone,Electronics,1169.01,1,1169.01,0.23
TXN-000383,2022-06-18,Q2,June,2022,South,Monitor,Electronics,9449.1,18,524.95,0.33
TXN-000384,2022-06-18,Q2,June,2022,West,Mouse,Accessories,1983.99,41,48.39,0.38
TXN-000385,2022-06-18,Q2,June,2022,West,Mouse,Accessories,1592.64,36,44.24,0.32
TXN-000386,2022-06-18,Q2,June,2022,Central,Headphones,Accessories,3055.32,18,169.74,0.44
TXN-000387,2022-06-18,Q2,June,2022,Central,Keyboard,Accessories,2599.24,28,92.83,0.36
TXN-000388,2022-06-18,Q2,June,2022,Central,Tablet,Computing,7078.02,6,1179.67,0.18
TXN-000389,2022-06-23,Q2,June,2022,South,Headphones,Accessories,3147.9,21,149.9,0.36
TXN-000390,2022-06-23,Q2,June,2022,East,Monitor,Electronics,18889.24,37,510.52,0.36
TXN-000391,2022-06-23,Q2,June,2022,West,Headphones,Accessories,3587.92,28,128.14,0.15
TXN-000392,2022-06-23,Q2,June,2022,Central,Mouse,Accessories,1500.48,32,46.89,0.19
TXN-000393,2022-06-23,Q2,June,2022,Central,Tablet,Computing,7134.18,6,1189.03,0.16
TXN-000394,2022-06-28,Q2,June,2022,South,Laptop,Computing,51712.2,30,1723.74,0.28
TXN-000395,2022-06-28,Q2,June,2022,South,Laptop,Computing,101709.22,46,2211.07,0.41
TXN-000396,2022-06-28,Q2,June,2022,East,Headphones,Accessories,5506.05,33,166.85,0.35
TXN-000397,2022-06-28,Q2,June,2022,West,Desktop,Computing,64528.8,46,1402.8,0.26
TXN-000398,2022-06-28,Q2,June,2022,West,Headphones,Accessories,3285.24,21,156.44,0.28
TXN-000399,2022-07-06,Q3,July,2022,South,Desktop,Computing,42348.15,27,1568.45,0.25
TXN-000400,2022-07-06,Q3,July,2022,South,Desktop,Computing,31387.4,20,1569.37,0.42
TXN-000401,2022-07-06,Q3,July,2022,West,Tablet,Computing,39247.35,47,835.05,0.25
TXN-000402,2022-07-06,Q3,July,2022,West,Monitor,Electronics,6030.3,15,402.02,0.15
TXN-000403,2022-07-06,Q3,July,2022,Central,Laptop,Computing,58707.45,27,2174.35,0.43
TXN-000404,2022-07-10,Q3,July,2022,North,Desktop,Computing,97503.14,49,1989.86,0.31
TXN-000405,2022-07-10,Q3,July,2022,North,Keyboard,Accessories,2593.25,25,103.73,0.29
TXN-000406,2022-07-10,Q3,July,2022,North,Tablet,Computing,13992.77,11,1272.07,0.25
TXN-000407,2022-07-10,Q3,July,2022,East,Keyboard,Accessories,1611.43,17,94.79,0.28
TXN-000408,2022-07-10,Q3,July,2022,East,Desktop,Computing,23486.32,13,1806.64,0.4
TXN-000409,2022-07-10,Q3,July,2022,West,Phone,Electronics,8921.9,10,892.19,0.39
TXN-000410,2022-07-10,Q3,July,2022,Central,Laptop,Computing,12399.96,6,2066.66,0.43
TXN-000411,2022-07-10,Q3,July,2022,Central,Mouse,Accessories,128.49,3,42.83,0.26
TXN-000412,2022-07-16,Q3,July,2022,North,Headphones,Accessories,4749.9,30,158.33,0.27
TXN-000413,2022-07-16,Q3,July,2022,North,Mouse,Accessories,1787.27,29,61.63,0.45
TXN-000414,2022-07-16,Q3,July,2022,North,Laptop,Computing,58839.06,23,2558.22,0.36
TXN-000415,2022-07-16,Q3,July,2022,South,Headphones,Accessories,6400.92,41,156.12,0.28
TXN-000416,2022-07-16,Q3,July,2022,South,Headphones,Accessories,6606.0,45,146.8,0.18
TXN-000417,2022-07-16,Q3,July,2022,South,Headphones,Accessories,771.0,6,128.5,0.21
TXN-000418,2022-07-16,Q3,July,2022,East,Phone,Electronics,44603.44,46,969.64,0.33
TXN-000419,2022-07-16,Q3,July,2022,East,Monitor,Electronics,16409.28,32,512.79,0.4
TXN-000420,2022-07-20,Q3,July,2022,North,Keyboard,Accessories,3625.33,43,84.31,0.35
TXN-000421,2022-07-20,Q3,July,2022,East,Keyboard,Accessories,1304.64,16,81.54,0.28
TXN-000422,2022-07-20,Q3,July,2022,East,Phone,Electronics,37240.5,30,1241.35,0.42
TXN-000423,2022-07-20,Q3,July,2022,East,Desktop,Computing,37655.34,19,1981.86,0.19
TXN-000424,2022-07-20,Q3,July,2022,West,Desktop,Computing,83562.0,50,1671.24,0.26
TXN-000425,2022-07-20,Q3,July,2022,West,Desktop,Computing,15164.4,10,1516.44,0.23
TXN-000426,2022-07-20,Q3,July,2022,West,Mouse,Accessories,961.17,21,45.77,0.2
TXN-000427,2022-07-23,Q3,July,2022,North,Desktop,Computing,59406.84,34,1747.26,0.26
TXN-000428,2022-07-23,Q3,July,2022,North,Desktop,Computing,58309.8,30,1943.66,0.23
TXN-000429,2022-07-23,Q3,July,2022,South,Phone,Electronics,26580.25,25,1063.21,0.38
TXN-000430,2022-07-23,Q3,July,2022,South,Tablet,Computing,35036.4,30,1167.88,0.38
TXN-000431,2022-07-23,Q3,July,2022,South,Monitor,Electronics,22185.85,43,515.95,0.2
TXN-000432,2022-07-23,Q3,July,2022,East,Tablet,Computing,36469.82,29,1257.58,0.26
TXN-000433,2022-07-23,Q3,July,2022,West,Phone,Electronics,40939.02,37,1106.46,0.21
TXN-000434,2022-07-23,Q3,July,2022,Central,Phone,Electronics,2420.3,2,1210.15,0.42
TXN-000435,2022-07-23,Q3,July,2022,Central,Tablet,Computing,30314.86,29,1045.34,0.4
TXN-000436,2022-07-30,Q3,July,2022,North,Monitor,Electronics,3333.36,8,416.67,0.37
TXN-000437,2022-07-30,Q3,July,2022,North,Desktop,Computing,39758.49,23,1728.63,0.33
TXN-000438,2022-07-30,Q3,July,2022,South,Tablet,Computing,10103.5,10,1010.35,0.23
TXN-000439,2022-07-30,Q3,July,2022,South,Headphones,Accessories,1946.56,16,121.66,0.42
TXN-000440,2022-07-30,Q3,July,2022,South,Monitor,Electronics,16316.48,32,509.89,0.28
TXN-000441,2022-07-30,Q3,July,2022,East,Monitor,Electronics,18386.16,39,471.44,0.2
TXN-000442,2022-07-30,Q3,July,2022,East,Tablet,Computing,13336.8,12,1111.4,0.41
TXN-000443,2022-07-30,Q3,July,2022,East,Phone,Electronics,41585.26,31,1341.46,0.19
TXN-000444,2022-07-30,Q3,July,2022,West,Keyboard,Accessories,2255.5,25,90.22,0.25
TXN-000445,2022-07-30,Q3,July,2022,West,Tablet,Computing,956.9,1,956.9,0.22
TXN-000446,2022-07-30,Q3,July,2022,West,Monitor,Electronics,11291.85,23,490.95,0.45
TXN-000447,2022-07-30,Q3,July,2022,Central,Desktop,Computing,3614.38,2,1807.19,0.32
TXN-000448,2022-08-06,Q3,August,2022,North,Monitor,Electronics,11119.16,26,427.66,0.24
TXN-000449,2022-08-06,Q3,August,2022,North,Tablet,Computing,8775.81,9,975.09,0.17
TXN-000450,2022-08-06,Q3,August,2022,North,Mouse,Accessories,1664.82,27,61.66,0.22
TXN-000451,2022-08-06,Q3,August,2022,South,Tablet,Computing,9919.89,9,1102.21,0.39
TXN-000452,2022-08-06,Q3,August,2022,Central,Mouse,Accessories,2865.12,48,59.69,0.33
TXN-000453,2022-08-08,Q3,August,2022,South,Tablet,Computing,48888.28,49,997.72,0.21
TXN-000454,2022-08-08,Q3,August,2022,South,Tablet,Computing,2536.68,3,845.56,0.17
TXN-000455,2022-08-08,Q3,August,2022,East,Headphones,Accessories,4349.4,22,197.7,0.45
TXN-000456,2022-08-08,Q3,August,2022,East,Laptop,Computing,98155.27,47,2088.41,0.26
TXN-000457,2022-08-08,Q3,August,2022,East,Mouse,Accessories,2220.3,45,49.34,0.24
TXN-000458,2022-08-08,Q3,August,2022,West,Keyboard,Accessories,84.33,1,84.33,0.29
TXN-000459,2022-08-08,Q3,August,2022,West,Laptop,Computing,23329.9,11,2120.9,0.36
TXN-000460,2022-08-10,Q3,August,2022,South,Monitor,Electronics,17522.24,34,515.36,0.44
TXN-000461,2022-08-10,Q3,August,2022,East,Phone,Electronics,54457.13,49,1111.37,0.31
TXN-000462,2022-08-10,Q3,August,2022,East,Phone,Electronics,66336.27,47,1411.41,0.39
TXN-000463,2022-08-10,Q3,August,2022,East,Tablet,Computing,48108.15,45,1069.07,0.27
TXN-000464,2022-08-10,Q3,August,2022,West,Monitor,Electronics,12106.08,24,504.42,0.16
TXN-000465,2022-08-10,Q3,August,2022,West,Keyboard,Accessories,3373.44,42,80.32,0.29
TXN-000466,2022-08-10,Q3,August,2022,West,Laptop,Computing,10340.25,5,2068.05,0.21
TXN-000467,2022-08-10,Q3,August,2022,Central,Keyboard,Accessories,3598.22,38,94.69,0.3
TXN-000468,2022-08-10,Q3,August,2022,Central,Headphones,Accessories,7062.75,45,156.95,0.39
TXN-000469,2022-08-10,Q3,August,2022,Central,Tablet,Computing,26942.24,26,1036.24,0.32
TXN-000470,2022-08-14,Q3,August,2022,South,Desktop,Computing,79944.3,45,1776.54,0.43
TXN-000471,2022-08-14,Q3,August,2022,South,Headphones,Accessories,643.96,4,160.99,0.41
TXN-000472,2022-08-14,Q3,August,2022,East,Desktop,Computing,85795.0,50,1715.9,0.34
TXN-000473,2022-08-14,Q3,August,2022,West,Headphones,Accessories,884.7,5,176.94,0.41
TXN-000474,2022-08-14,Q3,August,2022,West,Mouse,Accessories,294.12,6,49.02,0.4
TXN-000475,2022-08-14,Q3,August,2022,Central,Tablet,Computing,42716.67,41,1041.87,0.44
TXN-000476,2022-08-19,Q3,August,2022,North,Laptop,Computing,18898.4,8,2362.3,0.32
TXN-000477,2022-08-19,Q3,August,2022,South,Tablet,Computing,32827.84,32,1025.87,0.2
TXN-000478,2022-08-19,Q3,August,2022,South,Laptop,Computing,97126.24,46,2111.44,0.28
TXN-000479,2022-08-19,Q3,August,2022,East,Tablet,Computing,13360.75,13,1027.75,0.23
TXN-000480,2022-08-19,Q3,August,2022,West,Desktop,Computing,8238.9,5,1647.78,0.36
TXN-000481,2022-08-22,Q3,August,2022,East,Desktop,Computing,11770.78,7,1681.54,0.34
TXN-000482,2022-08-22,Q3,August,2022,West,Laptop,Computing,13836.48,7,1976.64,0.29
TXN-000483,2022-08-26,Q3,August,2022,North,Headphones,Accessories,7033.42,38,185.09,0.34
TXN-000484,2022-08-26,Q3,August,2022,North,Headphones,Accessories,586.83,3,195.61,0.32
TXN-000485,2022-08-26,Q3,August,2022,South,Mouse,Accessories,748.65,15,49.91,0.22
TXN-000486,2022-08-26,Q3,August,2022,East,Monitor,Electronics,8530.43,17,501.79,0.28
TXN-000487,2022-08-26,Q3,August,2022,East,Desktop,Computing,69655.32,36,1934.87,0.29
TXN-000488,2022-08-26,Q3,August,2022,East,Keyboard,Accessories,1339.52,14,95.68,0.29
TXN-000489,2022-08-26,Q3,August,2022,West,Desktop,Computing,91760.83,49,1872.67,0.18
TXN-000490,2022-08-26,Q3,August,2022,Central,Mouse,Accessories,173.44,4,43.36,0.43
TXN-000491,2022-08-26,Q3,August,2022,Central,Desktop,Computing,65975.07,37,1783.11,0.26
TXN-000492,2022-08-27,Q3,August,2022,North,Monitor,Electronics,22288.11,39,571.49,0.4
TXN-000493,2022-08-27,Q3,August,2022,North,Headphones,Accessories,876.3,5,175.26,0.29
TXN-000494,2022-08-27,Q3,August,2022,North,Phone,Electronics,60552.45,47,1288.35,0.18
TXN-000495,2022-08-27,Q3,August,2022,South,Laptop,Computing,70193.55,35,2005.53,0.34
TXN-000496,2022-08-27,Q3,August,2022,South,Tablet,Computing,4581.55,5,916.31,0.2
TXN-000497,2022-08-27,Q3,August,2022,East,Keyboard,Accessories,735.84,7,105.12,0.32
TXN-000498,2022-08-27,Q3,August,2022,East,Mouse,Accessories,2204.3,35,62.98,0.33
TXN-000499,2022-08-27,Q3,August,2022,West,Mouse,Accessories,1849.26,42,44.03,0.31
TXN-000500,2022-08-27,Q3,August,2022,Central,Laptop,Computing,92110.39,37,2489.47,0.32
